carrier,avg_gain,total_flights
AS,15.76163610719323,709
HA,11.81578947368421,342
VX,10.992181391712275,5116
9E,9.05990516942292,17294
UA,8.458897234432868,57782
AA,8.20483926503271,31947
WN,8.012537363002325,12044
DL,7.579608879936212,47658
EV,4.042498239023245,51108
B6,3.5095746452293293,54049
YV,3.3419117647058822,544
US,1.6150975745045635,19831
OO,0.6551724137931034,29
MQ,-0.3293525582138435,25037
FL,-1.5099212598425198,3175
F9,-1.7195301027900147,681
